[
    {
        "id":"1",
        "name":"A",
        "city" : "Amr",
        "salary":"3242",
        "pin":"2342442"

    },
    {
        "id":"2",
        "name":"B",
        "city" : "Del",
        "salary":"3242",
        "pin":"2342442"

    },
    {
        "id":"3",
        "name":"C",
        "city" : "Noida",
        "salary":"3242",
        "pin":"2342442"

    },
    {
        "id":"3",
        "name":"C",
        "city" : "Noida",
        "salary":"3242",
        "pin":"2342442"

    }
]